Year,Jan,Feb,Mar,Apr,May,Jun,Jul,Aug,Sep,Oct,Nov,Dec,table_name,industry,CES
2014,1019.43,1024.91,1038.02,1033.18,1035.13,1040.13,1045.07,1045.14,1048.27,1047.54,1052.57,1050.62,Construction_CES2000000011,Construction,CES2000000011
2015,1055.73,1071.24,1067.81,1063.92,1062.75,1071.73,1069.78,1078.39,1061.18,1084.29,1081.9,1093.75,Construction_CES2000000011,Construction,CES2000000011
2016,1087.04,1082.25,1084.14,1093.63,1095.12,1099.49,1102.62,1099.8,1105.83,1114.06,1111.32,1111.61,Construction_CES2000000011,Construction,CES2000000011
2017,1110.6,1111.5,1114.1,1117.87,1126.22,1129.99,1129.05,1129.83,1136.07,1141.11,1153.8,1145.24,Construction_CES2000000011,Construction,CES2000000011
2018,1139.94,1160.53,1159.74,1168.21,1173.15,1169.18,1182.24,1173.39,1180.82,1176.34,1177.89,1197.47,Construction_CES2000000011,Construction,CES2000000011
2019,1204.5,1174.6,1199.83,1194.57,1199.98,1209.58,1200.76,1212.8,1230.22,1217.12,1213.68,1210.17,Construction_CES2000000011,Construction,CES2000000011
2020,1217.97,1226.96,1224.6,1194.05,1219.87,1232.01,1237.86,1244.16,1238.19,1244.1,1251.2,1250.73,Construction_CES2000000011,Construction,CES2000000011
2021,1259.02,1233.1,1269.86,1279.22,1275.69,1270.52,1280.98,1286.42,1316.3,1291.81,1307.5,1320.48,Construction_CES2000000011,Construction,CES2000000011
2022,1305.92,1334.24,1320.83,1335.05,1346.67,1344.44,1349.08,1350.63,1357.21,1371.61,1364.06,1378.49,Construction_CES2000000011,Construction,CES2000000011
2023,1399.44,1398.54,1400.01,1405.46,1410.51,1418.82,1430.13,1437.32,1440.44,1450.79,1462.35,1455.09,Construction_CES2000000011,Construction,CES2000000011
2014,1072.71,1076.56,1082.2,1079.71,1084.93,1089.5,1086.89,1088.55,1086.89,1089.79,1093.25,1087.16,Durable goods_CES3100000011,Durable goods,CES3100000011
2015,1088.82,1089.91,1089.33,1090.15,1089.97,1087.32,1092.85,1101.28,1094.7,1096.34,1105.4,1103.54,Durable goods_CES3100000011,Durable goods,CES3100000011
2016,1111.16,1110.93,1113.81,1120.64,1125.17,1125.17,1125.58,1128.61,1129.29,1135.88,1131.07,1137.12,Durable goods_CES3100000011,Durable goods,CES3100000011
2017,1141.12,1140.0,1140.42,1148.14,1146.9,1148.55,1156.72,1150.21,1153.6,1162.42,1162.42,1158.05,Durable goods_CES3100000011,Durable goods,CES3100000011
2018,1161.02,1165.0,1165.49,1173.21,1165.14,1173.69,1176.17,1176.22,1175.85,1176.67,1179.57,1184.91,Durable goods_CES3100000011,Durable goods,CES3100000011
2019,1180.39,1182.83,1187.36,1186.54,1191.46,1198.89,1193.87,1198.43,1201.3,1198.3,1206.14,1211.87,Durable goods_CES3100000011,Durable goods,CES3100000011
2020,1210.13,1215.55,1213.67,1164.62,1184.18,1173.78,1207.2,1223.51,1226.75,1232.62,1238.3,1232.6,Durable goods_CES3100000011,Durable goods,CES3100000011
2021,1241.76,1239.47,1249.08,1249.43,1259.01,1257.25,1269.56,1270.89,1279.31,1279.8,1289.46,1299.14,Durable goods_CES3100000011,Durable goods,CES3100000011
2022,1298.05,1309.21,1319.79,1325.16,1325.59,1321.94,1326.41,1328.86,1332.93,1341.5,1340.21,1336.1,Durable goods_CES3100000011,Durable goods,CES3100000011
2023,1356.24,1352.05,1361.42,1363.75,1374.85,1382.17,1385.68,1390.72,1394.2,1396.04,1398.41,1407.68,Durable goods_CES3100000011,Durable goods,CES3100000011
2014,1126.36,1133.11,1137.58,1134.15,1141.01,1144.27,1144.64,1147.99,1152.2,1153.69,1162.77,1160.52,Financial activities_CES5500000011,Financial activities,CES5500000011
2015,1164.64,1167.25,1173.75,1179.51,1186.66,1188.68,1187.55,1188.16,1193.96,1195.09,1194.18,1198.48,Financial activities_CES5500000011,Financial activities,CES5500000011
2016,1213.38,1201.7,1209.22,1212.81,1207.88,1205.63,1221.86,1217.63,1221.0,1215.87,1219.61,1221.48,Financial activities_CES5500000011,Financial activities,CES5500000011
2017,1217.47,1226.35,1221.58,1230.09,1230.46,1241.18,1242.43,1250.25,1255.5,1265.63,1266.74,1278.4,Financial activities_CES5500000011,Financial activities,CES5500000011
2018,1285.13,1286.3,1290.0,1294.57,1301.34,1305.55,1307.35,1311.86,1321.64,1323.76,1325.78,1332.32,Financial activities_CES5500000011,Financial activities,CES5500000011
2019,1335.33,1337.97,1340.24,1341.94,1345.33,1344.75,1351.34,1362.86,1359.09,1358.49,1371.9,1372.4,Financial activities_CES5500000011,Financial activities,CES5500000011
2020,1378.04,1387.06,1390.45,1403.61,1417.52,1417.88,1419.02,1437.82,1439.7,1458.24,1463.14,1477.22,Financial activities_CES5500000011,Financial activities,CES5500000011
2021,1479.73,1494.05,1500.84,1501.37,1512.27,1508.89,1511.52,1504.5,1507.13,1519.13,1525.5,1525.88,Financial activities_CES5500000011,Financial activities,CES5500000011
2022,1532.63,1534.08,1544.98,1550.25,1546.13,1551.35,1557.34,1563.75,1569.3,1574.63,1573.79,1584.64,Financial activities_CES5500000011,Financial activities,CES5500000011
2023,1589.5,1592.12,1598.85,1598.1,1608.2,1617.92,1628.4,1641.49,1649.34,1646.42,1659.06,1664.67,Financial activities_CES5500000011,Financial activities,CES5500000011
2014,1025.1,1030.73,1037.74,1033.84,1040.58,1043.83,1041.26,1043.69,1043.28,1045.71,1048.7,1048.29,Goods-producing_CES0600000011,Goods-producing,CES0600000011
2015,1049.76,1054.79,1052.42,1050.62,1052.23,1052.23,1057.27,1065.15,1056.86,1064.94,1066.74,1068.98,Goods-producing_CES0600000011,Goods-producing,CES0600000011
2016,1071.81,1068.52,1069.87,1079.64,1080.98,1081.78,1083.39,1085.8,1088.91,1095.76,1091.83,1097.37,Goods-producing_CES0600000011,Goods-producing,CES0600000011
2017,1098.26,1098.26,1100.27,1105.43,1109.79,1112.21,1116.66,1111.88,1117.52,1123.47,1128.27,1124.33,Goods-producing_CES0600000011,Goods-producing,CES0600000011
2018,1122.38,1135.99,1135.22,1140.45,1141.27,1143.7,1146.14,1146.15,1147.36,1145.73,1148.95,1158.71,Goods-producing_CES0600000011,Goods-producing,CES0600000011
2019,1159.54,1150.87,1162.31,1160.24,1164.27,1169.98,1166.2,1172.73,1178.47,1175.85,1176.53,1178.0,Goods-producing_CES0600000011,Goods-producing,CES0600000011
2020,1179.6,1187.36,1187.6,1153.64,1171.28,1173.26,1189.58,1199.57,1198.38,1205.6,1209.6,1208.17,Goods-producing_CES0600000011,Goods-producing,CES0600000011
2021,1216.63,1205.42,1224.09,1232.13,1236.68,1234.11,1242.8,1246.4,1259.06,1251.31,1264.35,1273.54,Goods-producing_CES0600000011,Goods-producing,CES0600000011
2022,1262.84,1285.57,1284.8,1287.6,1292.8,1293.16,1300.0,1300.74,1305.13,1315.2,1310.5,1315.66,Goods-producing_CES0600000011,Goods-producing,CES0600000011
2023,1338.66,1335.6,1339.04,1342.06,1350.62,1358.6,1363.95,1369.77,1374.95,1379.34,1383.85,1386.32,Goods-producing_CES0600000011,Goods-producing,CES0600000011
2014,1225.78,1230.59,1242.79,1246.78,1245.6,1247.69,1253.92,1259.54,1262.85,1258.44,1258.67,1256.33,Information_CES5000000011,Information,CES5000000011
2015,1260.35,1260.9,1262.72,1261.06,1266.51,1268.32,1270.5,1282.12,1274.04,1283.36,1287.72,1290.96,Information_CES5000000011,Information,CES5000000011
2016,1308.62,1302.45,1296.35,1305.0,1316.52,1311.07,1318.32,1320.04,1324.96,1349.64,1347.48,1354.47,Information_CES5000000011,Information,CES5000000011
2017,1385.23,1362.21,1361.12,1385.38,1382.12,1393.34,1400.22,1389.6,1391.66,1393.1,1391.76,1406.37,Information_CES5000000011,Information,CES5000000011
2018,1398.31,1409.4,1419.45,1420.2,1422.36,1421.57,1432.44,1449.78,1470.44,1475.77,1489.27,1516.21,Information_CES5000000011,Information,CES5000000011
2019,1509.9,1510.63,1527.5,1513.88,1528.07,1529.16,1524.5,1567.31,1541.03,1541.18,1547.83,1541.11,Information_CES5000000011,Information,CES5000000011
2020,1550.81,1561.26,1569.61,1592.5,1597.59,1587.02,1596.34,1617.37,1614.8,1649.8,1646.87,1641.3,Information_CES5000000011,Information,CES5000000011
2021,1663.88,1659.49,1636.85,1646.84,1643.12,1642.05,1647.24,1639.47,1631.34,1654.6,1646.43,1665.0,Information_CES5000000011,Information,CES5000000011
2022,1659.31,1679.8,1684.24,1686.7,1689.67,1709.73,1710.95,1728.64,1748.75,1748.39,1750.21,1748.38,Information_CES5000000011,Information,CES5000000011
2023,1752.79,1751.27,1754.84,1745.07,1745.56,1760.4,1758.48,1768.06,1763.22,1768.17,1779.23,1782.69,Information_CES5000000011,Information,CES5000000011
2014,355.94,354.23,360.25,360.51,360.96,362.79,363.57,367.67,367.59,368.9,369.68,371.62,Leisure and hospitality_CES7000000011,Leisure and hospitality,CES7000000011
2015,372.15,372.67,372.56,373.61,374.66,376.09,374.92,375.71,378.19,379.51,378.85,381.88,Leisure and hospitality_CES7000000011,Leisure and hospitality,CES7000000011
2016,382.26,383.31,382.89,384.71,386.02,387.85,389.41,389.48,393.52,392.08,394.63,392.64,Leisure and hospitality_CES7000000011,Leisure and hospitality,CES7000000011
2017,395.72,395.75,399.36,403.48,403.0,402.22,402.74,404.04,405.34,406.38,409.51,410.03,Leisure and hospitality_CES7000000011,Leisure and hospitality,CES7000000011
2018,409.76,410.81,411.84,412.88,414.21,415.77,417.6,420.25,417.82,419.64,419.84,425.17,Leisure and hospitality_CES7000000011,Leisure and hospitality,CES7000000011
2019,423.28,426.4,428.82,426.57,425.96,428.65,428.28,428.28,431.75,430.34,432.15,432.41,Leisure and hospitality_CES7000000011,Leisure and hospitality,CES7000000011
2020,434.21,436.02,404.39,436.08,451.7,438.19,431.46,436.39,443.3,443.3,437.16,432.82,Leisure and hospitality_CES7000000011,Leisure and hospitality,CES7000000011
2021,441.01,442.98,461.91,475.08,478.86,488.4,493.96,489.11,495.44,503.83,507.85,510.48,Leisure and hospitality_CES7000000011,Leisure and hospitality,CES7000000011
2022,495.72,507.26,514.02,516.88,515.74,518.58,521.93,520.19,523.51,524.29,525.3,528.87,Leisure and hospitality_CES7000000011,Leisure and hospitality,CES7000000011
2023,531.97,532.99,532.89,533.07,535.35,539.75,536.51,539.65,548.18,549.38,551.17,557.02,Leisure and hospitality_CES7000000011,Leisure and hospitality,CES7000000011
2014,1004.07,1006.51,1013.93,1010.64,1016.81,1020.51,1015.96,1020.49,1015.55,1021.31,1024.62,1021.72,Manufacturing_CES3000000011,Manufacturing,CES3000000011
2015,1022.09,1024.14,1024.08,1024.9,1023.61,1020.68,1029.38,1037.63,1031.24,1035.0,1038.26,1036.52,Manufacturing_CES3000000011,Manufacturing,CES3000000011
2016,1042.73,1044.36,1048.43,1052.91,1056.98,1057.79,1058.61,1063.49,1063.49,1072.22,1065.75,1071.22,Manufacturing_CES3000000011,Manufacturing,CES3000000011
2017,1076.71,1075.29,1072.65,1083.24,1082.02,1085.49,1090.8,1084.87,1087.1,1096.34,1096.75,1092.22,Manufacturing_CES3000000011,Manufacturing,CES3000000011
2018,1095.89,1101.26,1101.44,1104.95,1102.26,1107.82,1107.41,1107.57,1106.5,1108.13,1112.21,1116.57,Manufacturing_CES3000000011,Manufacturing,CES3000000011
2019,1113.02,1114.88,1119.25,1115.28,1119.75,1126.58,1119.89,1125.09,1128.33,1124.77,1134.81,1140.48,Manufacturing_CES3000000011,Manufacturing,CES3000000011
2020,1139.28,1145.75,1145.33,1111.88,1123.85,1121.39,1143.36,1160.09,1161.38,1166.75,1169.1,1166.6,Manufacturing_CES3000000011,Manufacturing,CES3000000011
2021,1176.12,1173.84,1180.08,1184.53,1196.78,1194.9,1206.9,1206.75,1212.4,1214.24,1220.89,1226.54,Manufacturing_CES3000000011,Manufacturing,CES3000000011
2022,1225.46,1238.71,1243.98,1247.4,1246.74,1243.66,1250.78,1255.23,1254.94,1261.79,1262.68,1262.75,Manufacturing_CES3000000011,Manufacturing,CES3000000011
2023,1283.04,1277.91,1282.78,1285.61,1290.42,1300.44,1307.66,1308.46,1314.08,1314.0,1319.09,1322.55,Manufacturing_CES3000000011,Manufacturing,CES3000000011
2014,1355.09,1371.33,1377.81,1388.7,1380.82,1393.65,1380.78,1388.31,1382.98,1377.21,1362.53,1387.73,Mining and logging_CES1000000011,Mining and logging,CES1000000011
2015,1368.19,1364.86,1357.84,1345.97,1358.58,1353.83,1368.8,1369.04,1384.17,1377.07,1388.12,1389.65,Mining and logging_CES1000000011,Mining and logging,CES1000000011
2016,1390.53,1373.91,1367.89,1376.43,1384.37,1378.58,1382.4,1379.94,1393.59,1407.56,1401.29,1400.59,Mining and logging_CES1000000011,Mining and logging,CES1000000011
2017,1413.14,1431.66,1448.21,1439.18,1448.27,1436.44,1468.32,1438.15,1450.51,1457.82,1465.58,1466.5,Mining and logging_CES1000000011,Mining and logging,CES1000000011
2018,1459.44,1487.65,1488.5,1482.51,1491.8,1509.39,1486.24,1497.76,1505.52,1494.05,1502.31,1508.39,Mining and logging_CES1000000011,Mining and logging,CES1000000011
2019,1517.21,1527.9,1535.38,1552.25,1553.57,1556.72,1570.03,1569.88,1574.96,1596.21,1570.71,1573.45,Mining and logging_CES1000000011,Mining and logging,CES1000000011
2020,1563.84,1567.21,1556.55,1489.92,1502.04,1517.28,1521.14,1527.91,1527.18,1555.9,1541.25,1553.7,Mining and logging_CES1000000011,Mining and logging,CES1000000011
2021,1566.75,1544.83,1564.03,1575.38,1566.32,1567.99,1570.5,1570.24,1586.41,1578.3,1600.98,1606.34,Mining and logging_CES1000000011,Mining and logging,CES1000000011
2022,1548.35,1613.97,1632.77,1603.75,1631.29,1665.76,1683.47,1679.3,1684.78,1685.71,1692.21,1676.73,Mining and logging_CES1000000011,Mining and logging,CES1000000011
2023,1689.07,1700.55,1703.7,1715.35,1738.89,1738.89,1684.18,1733.18,1741.95,1731.07,1746.08,1763.58,Mining and logging_CES1000000011,Mining and logging,CES1000000011
2014,888.0,888.97,897.88,892.0,899.27,901.69,897.6,903.05,897.2,900.8,911.02,909.57,Nondurable goods_CES3200000011,Nondurable goods,CES3200000011
2015,911.74,914.0,914.15,913.48,912.28,909.2,921.26,927.3,925.6,928.72,929.6,926.88,Nondurable goods_CES3200000011,Nondurable goods,CES3200000011
2016,928.47,932.0,935.26,940.44,947.2,946.43,945.65,951.62,957.6,962.8,957.99,963.19,Nondurable goods_CES3200000011,Nondurable goods,CES3200000011
2017,971.2,969.17,960.7,977.2,973.56,977.64,985.7,977.2,981.2,984.86,988.52,981.54,Nondurable goods_CES3200000011,Nondurable goods,CES3200000011
2018,987.26,993.4,994.15,995.01,994.2,993.74,991.78,994.2,992.14,994.15,998.23,999.44,Nondurable goods_CES3200000011,Nondurable goods,CES3200000011
2019,999.44,1000.09,998.8,997.2,998.3,1001.49,999.65,1002.82,1006.4,1005.44,1011.95,1017.91,Nondurable goods_CES3200000011,Nondurable goods,CES3200000011
2020,1020.29,1028.03,1035.6,1025.67,1030.97,1031.55,1043.31,1053.24,1056.29,1059.44,1058.15,1056.69,Nondurable goods_CES3200000011,Nondurable goods,CES3200000011
2021,1064.0,1070.0,1069.2,1080.44,1091.03,1093.84,1099.07,1102.21,1102.75,1110.77,1106.4,1112.78,Nondurable goods_CES3200000011,Nondurable goods,CES3200000011
2022,1108.42,1122.8,1120.8,1121.99,1119.97,1117.56,1125.89,1129.92,1129.47,1136.61,1137.31,1136.56,Nondurable goods_CES3200000011,Nondurable goods,CES3200000011
2023,1159.77,1150.64,1156.56,1159.54,1156.21,1167.38,1171.05,1171.05,1178.35,1181.36,1184.23,1179.75,Nondurable goods_CES3200000011,Nondurable goods,CES3200000011
2014,689.79,690.43,692.87,697.33,695.78,696.45,695.52,701.83,701.83,702.78,704.69,705.32,Other services_CES8000000011,Other services,CES8000000011
2015,707.54,710.09,709.78,710.41,713.27,716.45,716.47,719.66,720.94,722.22,722.85,724.77,Other services_CES8000000011,Other services,CES8000000011
2016,728.96,726.36,729.55,731.15,732.74,736.64,738.56,740.48,739.12,746.56,743.91,746.14,Other services_CES8000000011,Other services,CES8000000011
2017,747.94,750.48,749.07,753.02,753.98,757.31,758.43,760.34,760.3,763.97,765.87,769.88,Other services_CES8000000011,Other services,CES8000000011
2018,766.62,768.41,769.14,772.53,776.02,777.51,777.51,784.74,788.89,791.44,792.72,794.31,Other services_CES8000000011,Other services,CES8000000011
2019,798.78,798.78,798.14,798.78,799.13,802.6,803.56,806.43,804.86,809.94,812.49,812.49,Other services_CES8000000011,Other services,CES8000000011
2020,816.96,818.87,807.85,896.33,898.27,870.59,857.39,858.21,858.86,860.22,866.05,869.94,Other services_CES8000000011,Other services,CES8000000011
2021,879.22,874.87,889.0,889.85,895.38,892.13,891.62,897.41,899.02,906.98,911.41,910.29,Other services_CES8000000011,Other services,CES8000000011
2022,911.9,917.0,918.29,923.13,922.53,926.72,933.47,934.76,940.25,939.92,946.04,948.65,Other services_CES8000000011,Other services,CES8000000011
2023,954.79,959.31,963.75,966.97,974.49,979.98,980.81,985.64,990.64,991.44,997.75,1003.24,Other services_CES8000000011,Other services,CES8000000011
2014,803.77,801.96,804.09,804.42,806.06,806.71,805.87,813.11,810.96,814.42,816.39,817.7,Private education and health services_CES6500000011,Private education and health services,CES6500000011
2015,819.67,820.66,823.94,823.61,827.22,827.87,826.89,829.51,830.82,833.45,834.43,836.07,Private education and health services_CES6500000011,Private education and health services,CES6500000011
2016,840.6,839.02,839.68,842.3,840.99,845.2,846.19,845.86,849.48,851.78,853.1,854.74,Private education and health services_CES6500000011,Private education and health services,CES6500000011
2017,855.07,858.36,859.02,859.36,860.67,864.28,867.9,868.89,869.2,870.21,872.51,874.48,Private education and health services_CES6500000011,Private education and health services,CES6500000011
2018,876.79,881.1,883.69,884.35,886.33,891.99,889.29,894.96,893.24,894.55,895.54,900.24,Private education and health services_CES6500000011,Private education and health services,CES6500000011
2019,905.52,905.41,910.8,904.2,904.2,907.83,911.46,913.44,915.75,918.72,920.04,920.37,Private education and health services_CES6500000011,Private education and health services,CES6500000011
2020,919.71,924.0,925.48,925.74,937.32,943.35,952.9,955.24,961.45,963.46,967.15,986.83,Private education and health services_CES6500000011,Private education and health services,CES6500000011
2021,988.08,977.74,987.25,986.68,993.65,997.32,1002.33,1007.34,1020.7,1026.72,1030.39,1039.51,Private education and health services_CES6500000011,Private education and health services,CES6500000011
2022,1041.29,1050.56,1053.58,1055.59,1060.95,1066.64,1069.47,1072.14,1076.02,1078.82,1083.83,1087.17,Private education and health services_CES6500000011,Private education and health services,CES6500000011
2023,1090.51,1091.51,1098.53,1097.57,1103.54,1103.23,1106.89,1112.89,1114.88,1117.55,1114.86,1120.21,Private education and health services_CES6500000011,Private education and health services,CES6500000011
2014,794.48,795.06,799.87,800.87,802.86,804.53,805.53,809.95,807.86,810.95,814.29,812.96,Private service-providing_CES0800000011,Private service-providing,CES0800000011
2015,817.3,818.63,818.18,819.51,824.98,824.98,825.98,828.65,829.66,832.33,833.66,833.33,Private service-providing_CES0800000011,Private service-providing,CES0800000011
2016,838.67,835.5,838.16,840.49,839.3,840.62,845.82,843.94,848.48,852.15,850.25,850.58,Private service-providing_CES0800000011,Private service-providing,CES0800000011
2017,855.81,855.56,857.22,861.47,860.21,864.47,867.8,866.19,869.84,869.84,876.08,876.79,Private service-providing_CES0800000011,Private service-providing,CES0800000011
2018,877.81,883.76,885.11,886.78,889.44,894.12,893.11,899.8,901.1,903.1,905.43,909.09,Private service-providing_CES0800000011,Private service-providing,CES0800000011
2019,911.09,914.75,920.84,917.08,919.75,922.74,922.63,929.07,930.07,929.27,933.58,933.58,Private service-providing_CES0800000011,Private service-providing,CES0800000011
2020,933.09,939.89,936.44,1001.0,1001.49,982.8,982.13,988.42,992.71,993.38,996.42,1007.58,Private service-providing_CES0800000011,Private service-providing,CES0800000011
2021,1011.58,1006.99,1015.98,1020.73,1026.83,1029.21,1032.93,1033.92,1040.32,1050.5,1053.55,1058.95,Private service-providing_CES0800000011,Private service-providing,CES0800000011
2022,1057.6,1061.42,1068.14,1071.5,1072.67,1077.03,1084.94,1085.74,1088.75,1094.11,1098.47,1098.53,Private service-providing_CES0800000011,Private service-providing,CES0800000011
2023,1105.84,1105.54,1110.55,1111.22,1114.55,1119.55,1123.54,1126.21,1129.2,1131.53,1135.53,1138.86,Private service-providing_CES0800000011,Private service-providing,CES0800000011
2014,1045.1,1050.51,1056.33,1057.06,1063.24,1060.3,1062.11,1065.37,1065.0,1066.81,1076.35,1069.76,Professional and business services_CES6000000011,Professional and business services,CES6000000011
2015,1078.04,1079.12,1079.75,1081.92,1084.44,1084.81,1089.98,1093.6,1093.47,1098.31,1098.88,1093.6,Professional and business services_CES6000000011,Professional and business services,CES6000000011
2016,1110.05,1102.49,1103.94,1108.27,1111.88,1110.6,1116.57,1113.48,1118.38,1124.15,1119.6,1119.24,Professional and business services_CES6000000011,Professional and business services,CES6000000011
2017,1129.8,1128.24,1135.08,1138.96,1134.0,1136.79,1142.2,1140.48,1147.32,1145.88,1150.15,1148.4,Professional and business services_CES6000000011,Professional and business services,CES6000000011
2018,1154.9,1163.11,1163.86,1164.59,1168.56,1174.69,1175.06,1181.91,1185.16,1189.53,1189.86,1195.32,Professional and business services_CES6000000011,Professional and business services,CES6000000011
2019,1197.13,1203.65,1210.97,1209.44,1216.05,1216.68,1218.01,1224.28,1226.32,1228.84,1234.62,1232.28,Professional and business services_CES6000000011,Professional and business services,CES6000000011
2020,1234.44,1238.76,1236.4,1283.43,1293.56,1282.01,1276.55,1288.69,1294.18,1295.14,1295.51,1301.75,Professional and business services_CES6000000011,Professional and business services,CES6000000011
2021,1307.14,1302.39,1314.13,1323.33,1333.26,1338.83,1349.82,1350.17,1360.84,1369.64,1373.31,1381.39,Professional and business services_CES6000000011,Professional and business services,CES6000000011
2022,1390.2,1394.97,1407.23,1411.48,1413.13,1416.79,1422.28,1430.2,1433.87,1440.48,1443.87,1440.35,Professional and business services_CES6000000011,Professional and business services,CES6000000011
2023,1453.75,1457.78,1459.64,1467.67,1470.22,1477.52,1485.19,1485.19,1488.84,1489.85,1500.88,1501.14,Professional and business services_CES6000000011,Professional and business services,CES6000000011
2014,520.61,519.43,528.66,531.92,529.46,532.41,533.04,535.06,535.37,536.0,539.14,534.74,Retail trade_CES4200000011,Retail trade,CES4200000011
2015,541.8,544.16,540.86,543.37,546.05,544.93,549.19,552.83,559.19,555.15,555.15,552.24,Retail trade_CES4200000011,Retail trade,CES4200000011
2016,554.64,553.18,551.49,553.27,552.42,554.59,555.45,552.8,552.8,554.35,555.94,556.69,Retail trade_CES4200000011,Retail trade,CES4200000011
2017,555.58,554.09,556.2,560.42,561.41,559.91,561.45,563.93,562.69,563.31,570.91,568.51,Retail trade_CES4200000011,Retail trade,CES4200000011
2018,574.08,575.33,576.89,574.74,579.39,579.7,580.63,581.85,583.04,586.43,589.26,590.98,Retail trade_CES4200000011,Retail trade,CES4200000011
2019,593.43,593.64,596.19,597.73,595.17,602.03,604.79,606.94,608.78,608.63,604.0,612.92,Retail trade_CES4200000011,Retail trade,CES4200000011
2020,609.64,618.43,623.02,642.64,644.28,640.35,643.17,652.61,660.92,654.41,654.46,649.04,Retail trade_CES4200000011,Retail trade,CES4200000011
2021,653.0,644.48,656.67,666.2,673.31,677.33,675.44,677.6,682.84,686.84,695.09,704.25,Retail trade_CES4200000011,Retail trade,CES4200000011
2022,679.96,685.08,685.98,684.47,686.88,689.29,701.02,695.61,699.13,707.51,709.4,706.45,Retail trade_CES4200000011,Retail trade,CES4200000011
2023,711.51,713.1,712.47,711.62,711.02,714.31,715.81,718.2,718.18,717.58,723.0,720.23,Retail trade_CES4200000011,Retail trade,CES4200000011
2014,833.51,834.52,839.04,839.73,841.8,843.87,844.56,849.08,846.98,848.01,853.24,851.85,Total private_CES0500000011,Total private,CES0500000011
2015,853.88,857.73,857.67,858.71,861.47,861.47,862.5,868.11,866.3,869.06,871.13,870.78,Total private_CES0500000011,Total private,CES0500000011
2016,878.15,873.07,875.48,878.23,879.95,881.33,883.74,882.2,886.49,890.62,888.37,891.65,Total private_CES0500000011,Total private,CES0500000011
2017,894.4,894.2,895.57,900.25,901.62,903.34,906.78,907.47,908.61,911.26,915.29,915.38,Total private_CES0500000011,Total private,CES0500000011
2018,919.51,922.88,926.67,928.4,930.81,935.58,934.61,938.4,939.81,944.27,943.94,950.48,Total private_CES0500000011,Total private,CES0500000011
2019,951.86,953.22,959.1,955.63,958.38,961.48,963.89,967.67,969.05,968.29,972.41,973.09,Total private_CES0500000011,Total private,CES0500000011
2020,975.49,979.27,978.18,1026.34,1031.28,1016.55,1016.55,1022.96,1026.95,1030.95,1031.12,1040.52,Total private_CES0500000011,Total private,CES0500000011
2021,1044.56,1040.08,1052.1,1057.35,1060.61,1062.79,1069.69,1067.72,1077.06,1080.91,1087.15,1092.72,Total private_CES0500000011,Total private,CES0500000011
2022,1091.24,1098.26,1104.85,1108.67,1109.97,1114.12,1118.62,1119.18,1125.88,1131.42,1132.64,1133.14,Total private_CES0500000011,Total private,CES0500000011
2023,1144.22,1143.68,1145.86,1146.99,1153.78,1159.28,1160.71,1166.5,1169.94,1169.63,1177.51,1181.3,Total private_CES0500000011,Total private,CES0500000011
2014,727.56,726.41,733.47,734.85,734.44,736.23,736.23,737.96,739.75,739.4,743.55,740.44,"Trade, transportation, and utilities_CES4000000011","Trade, transportation, and utilities",CES4000000011
2015,743.48,747.71,744.86,746.58,751.17,747.96,752.55,756.81,759.68,758.78,759.47,757.62,"Trade, transportation, and utilities_CES4000000011","Trade, transportation, and utilities",CES4000000011
2016,761.89,759.69,758.72,762.3,761.12,763.86,767.12,763.69,766.95,770.72,769.16,771.25,"Trade, transportation, and utilities_CES4000000011","Trade, transportation, and utilities",CES4000000011
2017,772.44,770.87,773.47,776.41,778.82,780.88,782.94,782.94,782.73,785.35,793.24,791.09,"Trade, transportation, and utilities_CES4000000011","Trade, transportation, and utilities",CES4000000011
2018,792.47,796.15,798.22,796.02,800.75,804.1,803.51,807.3,808.74,811.15,814.55,816.34,"Trade, transportation, and utilities_CES4000000011","Trade, transportation, and utilities",CES4000000011
2019,816.68,818.41,826.98,823.2,823.54,829.72,827.98,831.74,835.89,834.82,834.36,838.24,"Trade, transportation, and utilities_CES4000000011","Trade, transportation, and utilities",CES4000000011
2020,837.08,845.08,845.68,864.6,866.76,857.5,860.68,869.85,878.37,876.3,879.06,879.28,"Trade, transportation, and utilities_CES4000000011","Trade, transportation, and utilities",CES4000000011
2021,883.74,876.89,888.72,899.77,906.02,910.33,912.53,913.91,918.74,925.55,930.05,938.98,"Trade, transportation, and utilities_CES4000000011","Trade, transportation, and utilities",CES4000000011
2022,925.82,930.92,935.02,935.36,940.14,942.18,952.85,949.34,952.75,963.76,965.81,965.71,"Trade, transportation, and utilities_CES4000000011","Trade, transportation, and utilities",CES4000000011
2023,975.04,974.1,975.46,978.02,976.48,985.81,986.83,990.22,991.35,992.03,997.68,1003.78,"Trade, transportation, and utilities_CES4000000011","Trade, transportation, and utilities",CES4000000011
2014,878.88,879.31,880.47,887.39,885.1,879.74,880.5,883.55,883.94,884.68,889.25,888.09,Transportation and warehousing_CES4300000011,Transportation and warehousing,CES4300000011
2015,878.88,888.81,886.19,887.7,885.75,879.6,885.75,885.36,887.25,890.81,891.2,893.49,Transportation and warehousing_CES4300000011,Transportation and warehousing,CES4300000011
2016,899.3,895.09,893.14,892.79,893.18,895.52,899.77,895.13,907.54,905.97,905.56,905.58,Transportation and warehousing_CES4300000011,Transportation and warehousing,CES4300000011
2017,911.41,911.39,906.24,910.19,918.01,924.26,925.04,922.66,922.15,926.48,935.55,932.19,Transportation and warehousing_CES4300000011,Transportation and warehousing,CES4300000011
2018,936.63,941.85,942.16,947.39,943.41,945.83,946.22,948.96,944.49,942.84,950.04,949.16,Transportation and warehousing_CES4300000011,Transportation and warehousing,CES4300000011
2019,945.05,947.24,958.89,952.41,954.58,952.49,949.84,950.61,954.62,952.52,949.65,952.52,Transportation and warehousing_CES4300000011,Transportation and warehousing,CES4300000011
2020,958.46,959.42,953.04,953.02,965.79,955.32,966.31,974.05,982.42,990.6,995.49,1007.76,Transportation and warehousing_CES4300000011,Transportation and warehousing,CES4300000011
2021,1002.92,999.34,1008.83,1022.66,1019.44,1029.29,1025.99,1023.67,1022.95,1028.69,1038.7,1039.75,Transportation and warehousing_CES4300000011,Transportation and warehousing,CES4300000011
2022,1038.54,1044.32,1043.86,1049.74,1060.43,1067.61,1070.3,1077.62,1080.58,1085.32,1087.49,1088.64,Transportation and warehousing_CES4300000011,Transportation and warehousing,CES4300000011
2023,1099.71,1100.93,1101.31,1099.86,1101.49,1117.85,1123.46,1129.47,1132.25,1141.72,1143.38,1164.24,Transportation and warehousing_CES4300000011,Transportation and warehousing,CES4300000011
2014,1506.3,1518.34,1505.88,1490.23,1503.5,1506.9,1502.38,1505.2,1508.42,1521.08,1531.9,1520.04,Utilities_CES4422000011,Utilities,CES4422000011
2015,1522.8,1562.39,1576.75,1570.24,1568.38,1559.29,1581.43,1610.56,1585.68,1597.93,1618.8,1599.33,Utilities_CES4422000011,Utilities,CES4422000011
2016,1609.9,1570.42,1584.22,1611.63,1625.62,1633.25,1632.85,1629.01,1617.06,1673.99,1602.61,1655.05,Utilities_CES4422000011,Utilities,CES4422000011
2017,1668.64,1632.64,1642.09,1658.74,1645.8,1662.93,1669.83,1598.45,1675.22,1695.58,1670.95,1658.16,Utilities_CES4422000011,Utilities,CES4422000011
2018,1656.95,1664.66,1690.74,1714.65,1694.53,1695.96,1715.7,1709.1,1735.57,1736.53,1745.72,1766.38,Utilities_CES4422000011,Utilities,CES4422000011
2019,1744.88,1769.7,1772.37,1743.36,1766.45,1773.1,1747.57,1766.87,1758.1,1760.95,1779.1,1790.98,Utilities_CES4422000011,Utilities,CES4422000011
2020,1802.0,1809.63,1796.45,1851.56,1817.98,1830.09,1851.61,1907.37,1890.17,1918.08,1913.93,1889.19,Utilities_CES4422000011,Utilities,CES4422000011
2021,1891.76,1878.5,1880.36,1892.29,1889.77,1886.58,1911.65,1948.33,1936.87,1910.39,1897.38,1959.73,Utilities_CES4422000011,Utilities,CES4422000011
2022,1995.63,1947.13,1977.91,1992.81,2023.58,2035.61,2003.23,1992.76,2036.9,2065.53,2040.98,2019.26,Utilities_CES4422000011,Utilities,CES4422000011
2023,2057.85,2078.45,2093.29,2091.85,2088.24,2116.18,2120.97,2093.32,2092.93,2110.08,2113.02,2102.93,Utilities_CES4422000011,Utilities,CES4422000011
2014,1079.42,1078.57,1084.53,1083.68,1087.26,1084.14,1084.14,1092.31,1090.83,1086.09,1098.63,1095.42,Wholesale trade_CES4142000011,Wholesale trade,CES4142000011
2015,1099.8,1100.48,1098.93,1099.59,1111.76,1106.58,1109.82,1112.01,1110.84,1117.6,1118.38,1120.86,Wholesale trade_CES4142000011,Wholesale trade,CES4142000011
2016,1126.32,1124.99,1133.74,1138.99,1135.46,1139.17,1149.11,1145.76,1151.67,1161.27,1151.44,1154.94,Wholesale trade_CES4142000011,Wholesale trade,CES4142000011
2017,1158.44,1160.0,1161.42,1163.37,1164.15,1166.49,1171.44,1169.48,1173.39,1168.31,1177.96,1182.93,Wholesale trade_CES4142000011,Wholesale trade,CES4142000011
2018,1172.73,1174.68,1178.47,1173.9,1184.34,1191.77,1185.99,1193.33,1196.52,1196.91,1198.86,1207.44,Wholesale trade_CES4142000011,Wholesale trade,CES4142000011
2019,1202.76,1207.05,1220.31,1210.18,1216.79,1222.24,1214.83,1226.91,1229.24,1229.63,1236.69,1228.8,Wholesale trade_CES4142000011,Wholesale trade,CES4142000011
2020,1230.35,1235.3,1235.3,1220.87,1233.48,1231.95,1241.3,1253.95,1256.82,1263.94,1268.2,1274.19,Wholesale trade_CES4142000011,Wholesale trade,CES4142000011
2021,1289.52,1278.65,1297.34,1302.81,1313.98,1315.16,1329.52,1325.1,1338.17,1348.66,1346.03,1354.28,Wholesale trade_CES4142000011,Wholesale trade,CES4142000011
2022,1350.12,1353.97,1367.97,1362.24,1357.59,1360.72,1378.28,1366.95,1369.25,1387.88,1383.67,1391.37,Wholesale trade_CES4142000011,Wholesale trade,CES4142000011
2023,1411.68,1405.34,1411.54,1416.2,1421.41,1430.17,1424.93,1435.6,1437.32,1430.9,1436.54,1447.47,Wholesale trade_CES4142000011,Wholesale trade,CES4142000011
